source,target,code,type
/about-us/contact-us/,/contact,301,url
/workplace-safety/,/courses,301,url
/traffic-control/traffic-control-supervisor-certification/washington/,/program/traffic-control-supervisor/washington,301,url
/workplace-safety/forklift-training/,/program/forklift-training,301,url
/traffic-control/instructor-forms/,/resources/forms,301,url
/story/board/,/about,301,url
/story/,/about/history,301,url
/story/team/,/about/team,301,url
/faqs/flagger-certification/,/faq#flagger,301,url
/traffic-control/flagger-instructor-certification/,/program/flagger,301,url
/members/apply_thankyou,/membership,301,url
/traffic-control/,/program/traffic-control-supervisor,301,url
/newsletter/,/safety-library-categories/news,301,url
/courses/courses_vs_pevo/,/program/pilot-car,301,url
/about/news/,/safety-library-categories/news,301,url
/courses/courses_vs_pevo_forms/,/program/pilot-car,301,url
/pevo,/program/pilot-car,301,url
/registration/pilot-car,/program/pilot-car,301,url
/courses/courses_tc_flagger/,/program/flagger,301,url
/courses_vs_eversafe_online,/program/eversafe/online,301,url
/onlinehelp,https://www.youtube.com/playlist?list=PLhgzH3oLdKMwfGAbVspUSf4LEGBFEsS-E,301,url
/forklift,/program/forklift-training,301,url
/eversafe,/program/eversafe,301,url
/courses_vs_eversafe_online/,/program/eversafe/online,301,url
/courses/courses_tc_supervisor/,/program/traffic-control-supervisor,301,url
/courses/courses_ws_operator/,/program/forklift-training,301,url
/courses/courses_tc_card/,/program/flagger,301,url
/oversize,/safety-library/oversize-load-bridge-hits-a-growing-problem-with-one-simple-solution,301,url
/courses/courses_vs_eversafe_ic/,/courses,301,url
/moto,/,301,url
/trainingwheels,/,301,url
/program/forklift-2/,/program/forklift-training,301,url
/members/protected-main/,/accounts,301,url
/witpac,/program/pilot-car/witpac,301,url
/staff/angela-goodman/,/about/team,301,url
/staff/robert-garrison/,/about/team,301,url
/staff/craig-jones/,/about/team,301,url
/staff/thomas-monroe/,/about/team,301,url
/staff/bruce-scott/,/about/team,301,url
/staff/james-sullivan/,/about/team,301,url
/staff/vernen-todd/,/about/team,301,url
/staff/mike-ursenio/,/about/team,301,url
/program/scholarships/,/scholarships,301,url
/program/scholarships/aasc,/scholarships/aasc,301,url
/program/scholarships/montyclish/,/scholarships/the-monty-c-lish-stanley-o-mcnaughton-scholarship,301,url
/members/awards/,/john-d-spellman-safety-award,301,url
/witpac21,/,301,url
/related-article/three-wheel-fundamentals-online-course-access-guide-trainingwheelsonline/,/,301,url
/pevo-operators/,/resources/certification-verification,301,url
/flagger,/program/flagger,301,url
/tcs,/program/traffic-control-supervisor,301,url
/custom,/,301,url
/pr,https://forms.zohopublic.com/evergreensafetycouncil1/form/Replacementcardrequestform/formperma/lbT9UBJY-nL3mPiOsgLuKoLKfQdUFQblsxk_dhp1tPQ,301,url
/fr,https://forms.zohopublic.com/evergreensafetycouncil1/form/Replacementcardrequestform/formperma/lbT9UBJY-nL3mPiOsgLuKoLKfQdUFQblsxk_dhp1tPQ,301,url
/tcsr,https://forms.zohopublic.com/evergreensafetycouncil1/form/Replacementcardrequestform/formperma/lbT9UBJY-nL3mPiOsgLuKoLKfQdUFQblsxk_dhp1tPQ,301,url
/Title,/,301,url
/Locations,/about,301,url
/Newsroom,/safety-library-categories/news,301,url
/Notifications,/about,301,url
/Speeding,/safety-library/is-speeding-really-worth-the-risk,301,url
/Team,/about/team,301,url
/Cart,/,301,url
/Checkout,/,301,url
/Email,/contact-thank-you,301,url
/FAQs,/faq,301,url
/Members,/accounts,301,url
/AASC,/scholarships/aasc,301,url
/Programs,/courses,301,url
/Scholarships,/scholarships,301,url
/about/related-article/5-steps-to-preventing-bridge-hits/,/safety-library,301,url
/about/related-article/breathing-outside-the-box/,/safety-library,301,url
/about/related-article/certification/,/safety-library,301,url
/about/related-article/circular-logic/,/safety-library,301,url
/about/related-article/distracted-driving-awareness-month/,/safety-library,301,url
/about/related-article/esc-eversafe-online-atp/,/safety-library,301,url
/about/related-article/esc-eversafe-online/,/safety-library,301,url
/about/related-article/esc-forklift-online-atp/,/safety-library,301,url
/about/related-article/esc-forklift-online/,/safety-library,301,url
/about/related-article/esc-witpac-online/,/safety-library,301,url
/about/related-article/every-move-begins-with-a-pre-trip-meeting/,/safety-library,301,url
/about/related-article/glow-on/,/safety-library,301,url
/about/related-article/heatstroke-prevention/,/safety-library,301,url
/about/related-article/insurance/,/safety-library,301,url
/about/related-article/lets-get-it-started/,/safety-library,301,url
/about/related-article/national-work-zone-awareness-week/,/safety-library,301,url
/about/related-article/online-training-sucks/,/safety-library,301,url
/about/related-article/outside/,/safety-library,301,url
/about/related-article/oversize/,/safety-library,301,url
/about/related-article/p-evo-distracted-driving-article/,/safety-library,301,url
/about/related-article/p-evo-supplies/,/safety-library,301,url
/about/related-article/pedestrian-safety/,/safety-library,301,url
/about/related-article/pilot-car-glossary/,/safety-library,301,url
/about/related-article/pilot-car-high-pole/,/safety-library,301,url
/about/related-article/pilot-car-practice-test/,/safety-library,301,url
/about/related-article/pilot-escort-vehicle-insurance/,/safety-library,301,url
/about/related-article/railroad-safety-for-oversize-loads/,/safety-library,301,url
/about/related-article/speeding/,/safety-library,301,url
/about/related-article/the-safety-guy/,/safety-library,301,url
/about/related-article/the-truth-about-forklift-certification/,/safety-library,301,url
/about/related-article/tipping-point/,/safety-library,301,url
/about/related-article/what-is-the-3-4-second-rule/,/safety-library,301,url
/about/related-article/winter-driving/,/safety-library,301,url
/about/related-article/witpac-online/,/safety-library,301,url
/about/related-article/witpac-training/,/safety-library,301,url
/courses/courses_tc_forms/,/safety-library,301,url
/pevo-student-resources/,/resources/pilot-car/student-resources,301,url
/program/custom/,/,301,url
/program/pilot-car/arizona/,/locations/pilot-car/arizona,301,url
/program/pilot-car/florida/,/locations/pilot-car/florida,301,url
/program/pilot-car/georgia/,/locations/pilot-car/georgia,301,url
/program/pilot-car/kansas/,/locations/pilot-car/kansas,301,url
/program/pilot-car/minnesota/,/locations/pilot-car/minnesota,301,url
/program/pilot-car/north-carolina/,/locations/pilot-car/north-carolina,301,url
/program/pilot-car/oklahoma/,/locations/pilot-car/oklahoma,301,url
/program/pilot-car/pennsylvania/,/locations/pilot-car/pennsylvania,301,url
/program/pilot-car/utah/,/locations/pilot-car/utah,301,url
/program/pilot-car/virginia/,/locations/pilot-car/virginia,301,url
/program/pilot-car/texas/,/locations/pilot-car/texas,301,url
/about/related-article/pilot-car-reciprocity,/safety-library/where-in-the-u-s-can-i-use-my-washington-state-pilot-car-certification,301,url
/program,/courses,301,url
/schedule,https://esc.arlo.co/w/schedule/,301,url
/program/,/courses,301,url
/program/eversafe/instructor,/program/eversafe/instructor-training,301,url
/program/eversafe/eversafe-driving-program-instructor-training,/program/eversafe/instructor-training,301,url
/program/eversafe/eversafe-driving-program-on-site-training,/private-training,301,url
/replacement-card-form-2/,https://forms.zohopublic.com/evergreensafetycouncil1/form/Replacementcardrequestform/formperma/lbT9UBJY-nL3mPiOsgLuKoLKfQdUFQblsxk_dhp1tPQ,301,url
/membership-form-v2/,https://form.jotform.com/EvergreenSafety/membership,301,url
/on-site-request,https://forms.zohopublic.com/evergreensafetycouncil1/form/PrivateTrainingRequest/formperma/zhCX53dqsbI8cr4WzVfpteEE9a-wTXCBHv_lmK9nw88,301,url
/forklift-form/,https://form.jotform.com/EvergreenSafety/forklift-instructor-inquiry-form,301,url
/contact-us,/contact,301,url
/wa-tcs-student-information,https://form.jotform.com/EvergreenSafety/wa-tcs-student-information,301,url
/or-tcs-student-information,https://form.jotform.com/EvergreenSafety/or-tcs-student-information,301,url
/replacement-card-form/,https://forms.zohopublic.com/evergreensafetycouncil1/form/Replacementcardrequestform/formperma/lbT9UBJY-nL3mPiOsgLuKoLKfQdUFQblsxk_dhp1tPQ,301,url
/replacement-cards,https://forms.zohopublic.com/evergreensafetycouncil1/form/Replacementcardrequestform/formperma/lbT9UBJY-nL3mPiOsgLuKoLKfQdUFQblsxk_dhp1tPQ,301,url
/replacement-cards/,https://forms.zohopublic.com/evergreensafetycouncil1/form/Replacementcardrequestform/formperma/lbT9UBJY-nL3mPiOsgLuKoLKfQdUFQblsxk_dhp1tPQ,301,url
/membership-app-form/,https://form.jotform.com/EvergreenSafety/membership,301,url
/scholarship-application,https://form.jotform.com/EvergreenSafety/scholarship-form,301,url
/flaggerpre,/program/flagger/pre-class-information/washington-state-flagger,301,url
/eversafe-instructor-application-2,https://form.jotform.com/EvergreenSafety/eversave-driving-program-instructor,301,url
/resources-2/,/resources/forms,301,url
/program/flagger/flagger-training-mutcd-2023-compliant-online-course/,/program/flagger,301,url
/program/flagger/federal-2023-mutcd/,/program/flagger,301,url
/mutcd2023,/program/flagger,301,url
/current-witpac-certification-list/,/resources/certification-verification,301,url
/flagger-instructor-application/,/resources/forms,301,url
/EvergreenSafety/on-site-request-form,/resources/forms,301,url
/wp-content/uploads/2021/12/2020_PEVO_Handout_Packet.pdf,https://cdn.prod.website-files.com/684fa28e292bf57f395a7b57/68cb498b06a0804721ef628a_2020_PEVO_Handout_Packet.pdf,301,url
/email-list-thank-you-page/,/contact-thank-you,301,url
/witpaceval,https://form.jotform.com/EvergreenSafety/witpac-course-evaluation,301,url
/flaggereval,https://form.jotform.com/EvergreenSafety/flagger-course-evaluation---esc,301,url
/pevoeval,https://form.jotform.com/EvergreenSafety/pevo-course-evaluation,301,url
/ortcseval,https://form.jotform.com/EvergreenSafety/or-tcs-evaluation,301,url
/watcseval,https://form.jotform.com/EvergreenSafety/wa-tcs-evaluation,301,url
/eversafeeval,https://form.jotform.com/EvergreenSafety/eversafe-course-evaluation,301,url
/forklifteval,https://form.jotform.com/EvergreenSafety/forklift-operator-course-evaluation,301,url
/pilot-car/where-can-i-use-my-pilot-car-certification/,/safety-library/where-in-the-u-s-can-i-use-my-washington-state-pilot-car-certification,301,url
/tcs-student-resources-2/,/resources/flagger,301,url
/program/on-site-training/,/private-training,301,url
/eversafe-training-demo/,/program/flagger/demo/online,301,url
/flagger-training-demo/,/program/eversafe/demo/eversafe-driving-program,301,url
/flagger-dressup-game/,/program/flagger/demo/flagger-apparel-dress-up-game,301,url
/business-card,/,301,url
/elementor-18001/,/faq,301,url
/faq-2/,/faq,301,url
/faqs/what-kind-of-insurance-do-i-need-in-order-to-operate-as-a-p-evo-in-washington/,/faq,301,url
/faqs/what-equipment-do-i-need-to-operate-a-pilot-car-in-colorado/,/faq/where-can-i-find-the-colorado-pevo-requirements,301,url
/how-to-access-your-online-witpac-course-esc-use/,/resources/online-course-guide/witpac,301,url
/tcs-pre-class-information/,/program/traffic-control-supervisor/pre-class-information/traffic-control-supervisor,301,url
/or-tcs-pre-class-information/,/program/traffic-control-supervisor/pre-class-information/traffic-control-supervisor,301,url
/program/commercial-vehicle-driver-safety-evergreen-safety-council/,/program/eversafe/utility-vehicle,301,url
/program/defensive-driving/commercial-vehicle-driver-safety-evergreen-safety-council/,/program/eversafe/utility-vehicle,301,url
/witpac-student-resources-2024-version/,/resources/witpac/student-resources,301,url
/witpac-student-resources-2024-version,/resources/witpac/student-resources,301,url
/program/pilot-car/colorado-online/,/locations/pilot-car/colorado,301,url
/program/colorado-online/,/locations/pilot-car/colorado,301,url
/certification-search-result/,/resources/certification-verification,301,url
/pilot-car/witpac/every-move-begins-with-a-pre-trip-meeting/,/safety-library/every-move-begins-with-a-pre-trip-meeting,301,url
/uncategorized/online-training-sucks/,/safety-library/online-training-sucks,301,url
/tcs/heatstroke-prevention/,/safety-library/heatstroke-prevention-symptoms-and-treatment-for-flaggers,301,url
/pevo-inspection-list,https://cdn.prod.website-files.com/684fa28e292bf57f395a7b57/69127e2bb3addbdd499fcb9d_PEVO-inspection-list.pdf,301,url
/faqs/what-documents-must-i-submit-if-i-am-recertifying-my-washington-traffic-control-supervisor-tcs-or-traffic-control-technician-tct-certification/,/faq,301,url
/faqs/what-documents-must-i-submit-for-my-washington-traffic-control-technician-tct-certification/,/faq,301,url
/tcs-pre-class-information-2/,/program/traffic-control-supervisor/pre-class-information/traffic-control-supervisor,301,url
/flagger-instructor-pre-class-information/,/program/flagger/pre-class-information/flagger-instructor,301,url
/pilot-car/p-evo-supplies/,/program/pilot-car/pevo-info,301,url
/tcs-student-resources/,/program/traffic-control-supervisor/pre-class-information/traffic-control-supervisor,301,url
/team/,/about/team,301,url
/arizona-pilot-car-certification-and-training-2/,/locations/pilot-car/colorado,301,url
/pevo-recert-calendar,https://esc.arlo.co/w/courses/71-pevo-washington-state-recertification-online?_gl=1*nzcxrx*_gcl_au*MjAyMjkwMzUzMy4xNzI3NzI2NTA1,301,url
/faqs/for-witpac-students-what-is-the-canadian-equivalent-of-a-class-a-cdl/,/faq,301,url
/fl-inst-materials/,/resources/forms,301,url
/faqs,/faq,301,url
/flagger/flagger-apparel-reference-guide/,/resources/flagger,301,url
/witpac-pre-class-information/,/program/pilot-car/pre-class-information/witpac,301,url
/witpac-pre-class-information-new-template/,/program/pilot-car/pre-class-information/witpac,301,url
/defensive-driving/,/program/eversafe,301,url
/flagger/,/program/flagger,301,url
/forklift/,/program/forklift-training,301,url
/newsroom/,/safety-library-categories/news,301,url
/pilot-car-and-witpac/,/program/pilot-car,301,url
/program/forklift/pdf-instructor-kit,/program/forklift-training/instructor-kit,301,url
/forklift/osha-regulations-for-forklifts-powered-industrial-trucks/,/safety-library/osha-regulations-for-forklifts-powered-industrial-trucks,301,url
/program/forklift/forklift-instructor-training/,/program/forklift-training/instructor,301,url
/program/forklift/forklift-instructor-training-2025-version/,/program/forklift-training/instructor-kit,301,url
/faqs/am-i-qualified-to-become-a-forklift-instructor/,/faq,301,url
/wa-state-flagger-manual,https://cdn.prod.website-files.com/684fa28e292bf57f395a7b57/6902aca9739bf927c1c9ef8f_TTCFOM_withESClogo.pdf,301,url
/newsroom/spellman-award-winner-derek-wilson-inspiring-people-and-creating-opportunities/,/safety-library/spellman-award-winner-derek-wilson-inspiring-people-and-creating-opportunities,301,url
/program/forklift/,/program/forklift-training,301,url
/forklift-program-new-program-page-2024/,/program/forklift-training,301,url
/forklift-program-2024-program-pg-spanish/,/program/entrenamiento-de-forklift,301,url
/program/forklift-2020/online/,/program/forklift-training/operator-online,301,url
/program/forklift-2020/online-operator-training/,/program/forklift-training/operator-online,301,url
/program/forklift-2020/forklift-online-training-2025-version-spanish/,/program/entrenamiento-de-forklift/online-es,301,url
/program/entrenamiento-en-forklift/online-espanol/,/program/entrenamiento-de-forklift/online-es,301,url
/program/forklift-2020/instructor-training/,/program/forklift-training/instructor-kit,301,url
/program/forklift-2020/forklift-instructor-training-2025/,/program/forklift-training/instructor-kit,301,url
/program/forklift-2020/forklift-instructor-training-2025-version-spanish/,/program/entrenamiento-de-forklift/instructores,301,url
/program/forklift-2020/forklift-pdf-kit-2025-version/,/program/forklift-training,301,url
/program/forklift-2020/forklift-pdf-instructor-kit-2025-version-spanish/,/program/entrenamiento-de-forklift/instructores-kit-es,301,url
/program/forklift-training/forklift-pdf-kit-2025-version/,/program/forklift-training,301,url
/program/entrenamiento-en-forklift/forklift-pdf-instructor-kit-2025-version-spanish/,/program/entrenamiento-de-forklift/instructores-kit-es,301,url
/program/forklift-2020/forklift-on-site-training/,/program/forklift-training,301,url
/program/forklift-training/instructor-training/,/program/forklift-training/instructor,301,url
/program/forklift-training/online/,/program/forklift-training/operator-online,301,url
/program/entrenamiento-en-forklift/,/program/entrenamiento-de-forklift,301,url
/program/forklift-training/eversafe-online-25/,/program/eversafe/online,301,url
/current-pilot-car-operator-list/,/resources/certification-verification,301,url
/program/utility-vehicle/,/program/eversafe/utility-vehicle,301,url
/program/defensive-driving/,/program/eversafe,301,url
/program/defensive-driving/eversafe-driving-program-on-site-training/,/program/eversafe,301,url
/program/defensive-driving/eversafe-driving-program-instructor-training/,/program/eversafe/instructor-training,301,url
/program/defensive-driving/online-course/,/program/eversafe/online,301,url
/program/defensive-driving/cmv-driver-safety/,/program/eversafe/utility-vehicle,301,url
/pevo-pre-trip,https://cdn.prod.website-files.com/684fa28e292bf57f395a7b57/69127b70ffb0ee3f61bb4364_ESC-PEVO-Pre-trip-meeting-sheet-fillable.pdf,301,url
/utility,/program/eversafe/utility-vehicle,301,url
/espanol,/program/entrenamiento-de-forklift,301,url
/montacargas,/program/entrenamiento-de-forklift,301,url
/emergency-kit,https://cdn.prod.website-files.com/684fa28e292bf57f395a7b57/691282d1fd704a7145dade09_EverSafe-Driving-Program-emergency-supply-checklist.pdf,301,url
/faqs/what-documents-must-i-submit-for-my-washington-traffic-control-supervisor-tcs-certification/,/faq/what-documents-must-i-submit-for-my-washington-traffic-control-supervisor-tcs-certification,301,url
/florida-pilot-car-certification-and-training/,/locations/pilot-car/florida,301,url
/order/pevo-replacement,https://forms.zohopublic.com/evergreensafetycouncil1/form/Replacementcardrequestform/formperma/lbT9UBJY-nL3mPiOsgLuKoLKfQdUFQblsxk_dhp1tPQ,301,url
/program/flagger/flagger-washington-state-certification-in-person-course/,/program/flagger/wa-state-certification,301,url
/program/flagger/flagger-idaho-certification/,/program/flagger/idaho-certification,301,url
/faqs/for-authorized-training-providers-approved-to-teach-the-mutcd-in-person-course-which-states-is-it-valid-in/,/program/flagger,301,url
/wp-content/uploads/2025/08/WA-2025-PEVO-Handbook-Digital-Version.pdf,https://cdn.prod.website-files.com/684fa28e292bf57f395a7b57/68fff22ba8eeed304298e669_WA-2025-PEVO-Handbook-Digital-Version.pdf,,
/wp-content/uploads/2025/04/ESC-PEVO-Pre-trip-meeting-sheet-fillable.pdf,https://cdn.prod.website-files.com/684fa28e292bf57f395a7b57/69127b70ffb0ee3f61bb4364_ESC-PEVO-Pre-trip-meeting-sheet-fillable.pdf,,
/wp-content/uploads/2025/02/ESC-Sample-chart-weight-per-cubic-foot.pdf,https://cdn.prod.website-files.com/684fa28e292bf57f395a7b57/691282aeb2ba9fd29f632195_ESC-Sample-chart-weight-per-cubic-foot.pdf,,
/wp-content/uploads/2025/02/TTCFOM_withESClogo.pdf,https://cdn.prod.website-files.com/684fa28e292bf57f395a7b57/6902aca9739bf927c1c9ef8f_TTCFOM_withESClogo.pdf,,
/wp-content/uploads/2024/11/Tech-requirement-desktop.png,https://cdn.prod.website-files.com/684fa28e292bf57f395a7b57/69127d943ff24aa084fd7014_Tech-requirement-desktop.png,,
/wp-content/uploads/2024/11/PEVO-inspection-list.pdf,https://cdn.prod.website-files.com/684fa28e292bf57f395a7b57/69127e2bb3addbdd499fcb9d_PEVO-inspection-list.pdf,,
/wp-content/uploads/2023/07/Flagger-Apparel-Recommendations-2023.pdf,https://cdn.prod.website-files.com/684fa28e292bf57f395a7b57/68cb5386c05c94722326d970_Flagger-Apparel-Recommendations-2023.pdf,,
/wp-content/uploads/2023/08/MUTCD-Flagger-Reference-Charts.pdf,https://cdn.prod.website-files.com/684fa28e292bf57f395a7b57/68cb53863dc86ed94f3e6fb4_MUTCD-Flagger-Reference-Charts.pdf,,
/wp-content/uploads/2024/06/Wisconsin-Flagger-Online-Handout.pdf,https://cdn.prod.website-files.com/684fa28e292bf57f395a7b57/69127f87679e31f70fb29bee_Wisconsin-Flagger-Online-Handout.pdf,,
/wp-content/uploads/2024/06/Wisconsin-Flagger-Handbook.pdf,https://cdn.prod.website-files.com/684fa28e292bf57f395a7b57/69127f899dc29ba087096741_Wisconsin-Flagger-Handbook.pdf,,
/wp-content/uploads/2024/05/WITPAC-2024-Crush-Zone-Safety-Procedure-Matrix-For-Instructor-Use-Only.pdf,https://cdn.prod.website-files.com/684fa28e292bf57f395a7b57/68cb3eeaf141147e85531e5c_WITPAC-2024-Crush-Zone-Safety-Procedure-Matrix-For-Instructor-Use-Only.pdf,,
/wp-content/uploads/2024/05/WITPAC-Pre-trip-meeting-sheet-2024-fillable.pdf,https://cdn.prod.website-files.com/684fa28e292bf57f395a7b57/68c33a70531ef763c56e232f_WITPAC-Pre-trip-meeting-sheet-2024-fillable.pdf,,
/wp-content/uploads/2024/05/WITPAC-Pre-offload-meeting-sheet-2024-fillable.pdf,https://cdn.prod.website-files.com/684fa28e292bf57f395a7b57/68c33a80b2a7d1261fcfc734_WITPAC-Pre-offload-meeting-sheet-2024-fillable.pdf,,
/wp-content/uploads/2024/05/WITPAC-Student-Packet-2024.pdf,https://cdn.prod.website-files.com/684fa28e292bf57f395a7b57/68c33a44885b27dd76d7189a_WITPAC-Student-Packet-2024.pdf,,
/wp-content/uploads/2024/05/Post-trip-meeting-sheet-2024.jpg,https://cdn.prod.website-files.com/684fa28e292bf57f395a7b57/68c33aa3522a12a7a1330dd5_WITPAC-Post-trip-meeting-sheet.pdf,,
/wp-content/uploads/2023/08/ESC-Sample-TCP.pdf,https://cdn.prod.website-files.com/684fa28e292bf57f395a7b57/68cb538665c9fc94737ceca6_ESC-Sample-TCP.pdf,,
/wp-content/uploads/2024/07/MUTCD-11th-Edition-Compliant-Traffic-Control-Flagger-Handbook.pdf,https://cdn.prod.website-files.com/684fa28e292bf57f395a7b57/691281d24a5f59bb17968412_MUTCD-11th-Edition-Compliant-Traffic-Control-Flagger-Handbook.pdf,,
/wp-content/uploads/2025/03/ESC-instructor-standards.pdf,https://cdn.prod.website-files.com/684fa28e292bf57f395a7b57/68cb3eea13a5c2152f43ec16_ESC-instructor-standards.pdf,,
/wp-content/uploads/2025/01/Collaboration-Center-Directions.pdf,https://cdn.prod.website-files.com/684fa28e292bf57f395a7b57/691282d330c1fe1f92c218b3_Collaboration-Center-Directions.pdf,,
/wp-content/uploads/2022/03/EverSafe-Inspection-Checklist.pdf,https://cdn.prod.website-files.com/684fa28e292bf57f395a7b57/691282d39cda8871ce53b6b2_EverSafe-Inspection-Checklist.pdf,,
/wp-content/uploads/2022/02/EverSafe-Driving-Program-emergency-supply-checklist.pdf,https://cdn.prod.website-files.com/684fa28e292bf57f395a7b57/691282d1fd704a7145dade09_EverSafe-Driving-Program-emergency-supply-checklist.pdf,,