date,source,target,ip,referrer,agent
"2025-11-09 17:44:23",/program/defensive-driving/,https://www.esc.org/program/eversafe-25/,143.105.53.24,https://www.esc.org/defensive-driving/winter-driving/?utm_source=google&utm_campaign=21951985128&utm_content=&utm_term=&utm_medium=&gad_source=1&gad_campaignid=21962280232&gbraid=0AAAAAC3eE1DR8csG_ZSJyo9R36rbkjpVJ&gclid=CjwKCAiAlMHIBhAcEiwAZhZBUvhWDmWvsfo,"Mozilla/5.0 (Windows NT 10.0; Win64; x64) AppleWebKit/537.36 (KHTML, like Gecko) Chrome/142.0.0.0 Safari/537.36"
"2025-11-09 17:54:43",/florida-pilot-car-certification-and-training/,/idaho-flagger-classes/,40.84.221.221,,"Mozilla/5.0 AppleWebKit/537.36 (KHTML, like Gecko); compatible; ChatGPT-User/1.0; +https://openai.com/bot"
"2025-11-09 17:59:17",/program/flagger/federal-2023-mutcd/,/program/flagger/online-mutcd-flagger/,174.244.80.93,https://www.esc.org/witpac-pre-class-information/,"Mozilla/5.0 (Linux; Android 10; K) AppleWebKit/537.36 (KHTML, like Gecko) Chrome/142.0.0.0 Mobile Safari/537.36"
"2025-11-09 18:01:19",/program/eversafe/online/,https://www.esc.org/program/defensive-driving/online-course/,20.15.133.162,,"Mozilla/5.0 (Windows NT 10.0; Win64; x64) AppleWebKit/537.36 (KHTML, like Gecko) Chrome/112.0.0.0 Safari/537.36 Edg/112.0.1722.68"
"2025-11-09 18:01:21",/program/defensive-driving/online-course/,https://www.esc.org/program/eversafe-25/eversafe-online-25/,20.15.133.162,,"Mozilla/5.0 (Windows NT 10.0; Win64; x64) AppleWebKit/537.36 (KHTML, like Gecko) Chrome/112.0.0.0 Safari/537.36 Edg/112.0.1722.68"
"2025-11-09 18:01:30",/program/entrenamiento-en-forklift/,/program/entrenamiento-de-forklift/,20.15.133.174,,"Mozilla/5.0 (Windows NT 10.0; Win64; x64) AppleWebKit/537.36 (KHTML, like Gecko) Chrome/112.0.0.0 Safari/537.36 Edg/112.0.1722.68"
"2025-11-09 18:33:20",/program/entrenamiento-en-forklift/,/program/entrenamiento-de-forklift/,108.241.232.247,https://www.esc.org/,"Mozilla/5.0 (Linux; Android 10; K) AppleWebKit/537.36 (KHTML, like Gecko) Chrome/142.0.0.0 Mobile Safari/537.36"
"2025-11-09 18:33:31",/faqs/,/faq,108.241.232.247,https://www.esc.org/,"Mozilla/5.0 (Linux; Android 10; K) AppleWebKit/537.36 (KHTML, like Gecko) Chrome/142.0.0.0 Mobile Safari/537.36"
"2025-11-09 18:33:31",/faqs,/faq,108.241.232.247,https://www.esc.org/,"Mozilla/5.0 (Linux; Android 10; K) AppleWebKit/537.36 (KHTML, like Gecko) Chrome/142.0.0.0 Mobile Safari/537.36"
"2025-11-09 19:26:47","/replacement-cards/?rep=Flagger certification replacement card",https://forms.zohopublic.com/evergreensafetycouncil1/form/Replacementcardrequestform/formperma/lbT9UBJY-nL3mPiOsgLuKoLKfQdUFQblsxk_dhp1tPQ?rep=Flagger+certification+replacement+card,52.167.144.222,,"Mozilla/5.0 AppleWebKit/537.36 (KHTML, like Gecko; compatible; bingbot/2.0; +http://www.bing.com/bingbot.htm) Chrome/116.0.1938.76 Safari/537.36"
"2025-11-09 20:28:32",/program/defensive-driving/online-course/?nocache=1739063031,https://www.esc.org/program/eversafe-25/eversafe-online-25/?nocache=1739063031,52.167.144.208,,"Mozilla/5.0 AppleWebKit/537.36 (KHTML, like Gecko; compatible; bingbot/2.0; +http://www.bing.com/bingbot.htm) Chrome/116.0.1938.76 Safari/537.36"
"2025-11-09 20:30:31",/program/forklift/,/program/forklift-training/,4.151.241.248,,"Mozilla/5.0 AppleWebKit/537.36 (KHTML, like Gecko); compatible; ChatGPT-User/1.0; +https://openai.com/bot"
"2025-11-09 20:38:36",/about/related-article/pilot-car-reciprocity?_ga=2.225536089.2147022120.1762749264-746906802.1761954075,https://www.esc.org/pilot-car/pilot-car-reciprocity/?_ga=2.225536089.2147022120.1762749264-746906802.1761954075,174.224.195.225,https://esc.arlo.co/,"Mozilla/5.0 (Linux; Android 10; K) AppleWebKit/537.36 (KHTML, like Gecko) Chrome/138.0.0.0 Mobile Safari/537.36"
"2025-11-09 21:10:20",/about/related-article/certification/,https://www.esc.org/pilot-car/pilot-escort-vehicle-operator-certification/,66.249.79.3,,"Mozilla/5.0 (Linux; Android 6.0.1; Nexus 5X Build/MMB29P) AppleWebKit/537.36 (KHTML, like Gecko) Chrome/141.0.7390.122 Mobile Safari/537.36 (compatible; Googlebot/2.1; +http://www.google.com/bot.html)"
"2025-11-09 21:30:20",/program/defensive-driving/cmv-driver-safety/,https://www.esc.org/program/eversafe-25/utility-vehicle/,45.78.211.86,,"Mozilla/5.0 (Linux; Android 10; K) AppleWebKit/537.36 (KHTML, like Gecko) Chrome/131.0.0.0 Mobile Safari/537.36"
"2025-11-09 21:34:09",/program/defensive-driving/online-course/?nocache=1738455126,https://www.esc.org/program/eversafe-25/eversafe-online-25/?nocache=1738455126,40.77.167.68,,"Mozilla/5.0 AppleWebKit/537.36 (KHTML, like Gecko; compatible; bingbot/2.0; +http://www.bing.com/bingbot.htm) Chrome/116.0.1938.76 Safari/537.36"
"2025-11-09 21:42:49",/about/related-article/breathing-outside-the-box/,https://www.esc.org/defensive-driving/breathing-outside-the-box/,72.14.199.97,,"Mozilla/5.0 (Linux; Android 6.0.1; Nexus 5X Build/MMB29P) AppleWebKit/537.36 (KHTML, like Gecko) Chrome/141.0.7390.122 Mobile Safari/537.36 (compatible; AdsBot-Google-Mobile; +http://www.google.com/mobile/adsbot.html)"
"2025-11-09 21:59:59",/about/related-article/outside/,https://www.esc.org/pilot-car/pilot-car-operator-training-now-online/,147.135.253.34,,"Mozilla/5.0 (compatible; MJ12bot/v1.4.8; http://mj12bot.com/)"
"2025-11-09 22:02:34",/program/pilot-car/colorado-online/,https://www.esc.org/colorado-pilot-car-certification-and-training/,104.196.163.46,https://www.esc.org,"WPMU DEV Broken Link Checker Local Engine"
"2025-11-09 22:04:47",/program/defensive-driving/online-course/,https://www.esc.org/program/eversafe-25/eversafe-online-25/,72.14.199.96,,"AdsBot-Google (+http://www.google.com/adsbot.html)"
"2025-11-09 22:08:47",/program/entrenamiento-en-forklift/,/program/entrenamiento-de-forklift/,72.222.188.30,https://www.esc.org/?utm_source=google&utm_campaign=18494062527&utm_content=143133052218&utm_term=nscsafetycouncil&utm_medium=625762008903&gad_source=1&gad_campaignid=18494062527&gbraid=0AAAAAC3eE1AKQHSTBqNmxGaVrudBvmb8a&gclid=CjwKCAiAlMHIBhAcEiwAZhZBUrv1,"Mozilla/5.0 (Windows NT 10.0; Win64; x64) AppleWebKit/537.36 (KHTML, like Gecko) Chrome/142.0.0.0 Safari/537.36"
"2025-11-09 22:12:47",/program/eversafe/instructor,/program/defensive-driving/instructor,17.241.75.77,,"Mozilla/5.0 (Macintosh; Intel Mac OS X 10_15_7) AppleWebKit/605.1.15 (KHTML, like Gecko) Version/17.4 Safari/605.1.15 (Applebot/0.1; +http://www.apple.com/go/applebot)"
"2025-11-09 22:15:58",/workplace-safety/forklift-training/,https://evergreensafe.wpengine.com/courses/courses_ws_operator/,17.22.253.56,,"Mozilla/5.0 (Macintosh; Intel Mac OS X 10_15_7) AppleWebKit/605.1.15 (KHTML, like Gecko) Version/17.4 Safari/605.1.15 (Applebot/0.1; +http://www.apple.com/go/applebot)"
"2025-11-09 22:32:22",/pilot-car/p-evo-supplies/,/pilot-car/pevo-supplies/,159.138.149.213,https://www.esc.org/pilot-car/p-evo-supplies/,"Mozilla/5.0 (Macintosh; Intel Mac OS X 10_15_7) AppleWebKit/537.36 (KHTML, like Gecko) Chrome/120.0.0.0 Safari/537.36"
"2025-11-09 22:48:57",/program/on-site-training/,/program/private-training/,67.183.55.32,https://www.esc.org/program/private-training/,"Mozilla/5.0 (Windows NT 10.0; Win64; x64) AppleWebKit/537.36 (KHTML, like Gecko) Chrome/141.0.0.0 Safari/537.36"
"2025-11-09 23:10:00",/program/defensive-driving/eversafe-driving-program-on-site-training/?nocache=1719250730,https://www.esc.org/program/eversafe-25/?nocache=1719250730,40.77.167.25,,"Mozilla/5.0 AppleWebKit/537.36 (KHTML, like Gecko; compatible; bingbot/2.0; +http://www.bing.com/bingbot.htm) Chrome/116.0.1938.76 Safari/537.36"
"2025-11-09 23:11:58",/program/flagger/federal-2023-mutcd/,/program/flagger/online-mutcd-flagger/,104.196.163.46,https://www.esc.org,"WPMU DEV Broken Link Checker Local Engine"
"2025-11-09 23:21:57",/program/eversafe/online/,https://www.esc.org/program/defensive-driving/online-course/,104.196.163.46,https://www.esc.org,"WPMU DEV Broken Link Checker Local Engine"
"2025-11-09 23:21:57",/program/defensive-driving/online-course/,https://www.esc.org/program/eversafe-25/eversafe-online-25/,104.196.163.46,https://www.esc.org,"WPMU DEV Broken Link Checker Local Engine"
"2025-11-09 23:38:15",/program/pilot-car/colorado-online/,https://www.esc.org/colorado-pilot-car-certification-and-training/,136.243.228.195,,"Mozilla/5.0 (compatible; DataForSeoBot/1.0; +https://dataforseo.com/dataforseo-bot)"
"2025-11-09 23:39:22",/program/forklift/,/program/forklift-training/,136.243.228.195,,"Mozilla/5.0 (compatible; DataForSeoBot/1.0; +https://dataforseo.com/dataforseo-bot)"
"2025-11-09 23:48:07",/program/defensive-driving/online-course/,https://www.esc.org/program/eversafe-25/eversafe-online-25/,136.243.228.195,,"Mozilla/5.0 (compatible; DataForSeoBot/1.0; +https://dataforseo.com/dataforseo-bot)"
"2025-11-09 23:51:53",/program/eversafe,/program/defensive-driving,104.196.163.46,https://www.esc.org,"WPMU DEV Broken Link Checker Local Engine"
"2025-11-09 23:51:54",/program/defensive-driving/,https://www.esc.org/program/eversafe-25/,104.196.163.46,https://www.esc.org,"WPMU DEV Broken Link Checker Local Engine"
"2025-11-09 23:56:39",/program/pilot-car/colorado-online/,https://www.esc.org/colorado-pilot-car-certification-and-training/,67.183.24.168,https://www.esc.org/,"Mozilla/5.0 (Linux; Android 10; K) AppleWebKit/537.36 (KHTML, like Gecko) Chrome/142.0.0.0 Mobile Safari/537.36"
"2025-11-09 23:56:42",/program/forklift/pdf-instructor-kit,/program/forklift/instructor-training/,136.243.228.195,,"Mozilla/5.0 (compatible; DataForSeoBot/1.0; +https://dataforseo.com/dataforseo-bot)"
"2025-11-09 23:57:01",/members/awards/,https://www.esc.org/awards/,136.243.228.195,,"Mozilla/5.0 (compatible; DataForSeoBot/1.0; +https://dataforseo.com/dataforseo-bot)"
"2025-11-09 23:57:10",/about/related-article/pilot-car-reciprocity,https://www.esc.org/pilot-car/pilot-car-reciprocity/,136.243.228.195,,"Mozilla/5.0 (compatible; DataForSeoBot/1.0; +https://dataforseo.com/dataforseo-bot)"
"2025-11-10 00:22:57",/program/entrenamiento-en-forklift/,/program/entrenamiento-de-forklift/,104.196.163.46,https://www.esc.org,"WPMU DEV Broken Link Checker Local Engine"
"2025-11-10 00:23:39",/replacement-cards/,https://forms.zohopublic.com/evergreensafetycouncil1/form/Replacementcardrequestform/formperma/lbT9UBJY-nL3mPiOsgLuKoLKfQdUFQblsxk_dhp1tPQ,44.236.138.96,,"Modern Campus CMS (Link Check)"
"2025-11-10 01:11:34",/faqs,/faq,104.196.163.46,https://www.esc.org,"WPMU DEV Broken Link Checker Local Engine"
"2025-11-10 01:11:49",/program/defensive-driving/online-course/?nocache=1740669632,https://www.esc.org/program/eversafe-25/eversafe-online-25/?nocache=1740669632,52.167.144.177,,"Mozilla/5.0 AppleWebKit/537.36 (KHTML, like Gecko; compatible; bingbot/2.0; +http://www.bing.com/bingbot.htm) Chrome/116.0.1938.76 Safari/537.36"
"2025-11-10 01:49:11",/program/pilot-car/texas/,https://www.esc.org/texas-pilot-car-certification-and-training/,138.226.17.58,,"Mozilla/5.0 (Windows NT 10.0; Win64; x64) AppleWebKit/537.36 (KHTML, like Gecko) Chrome/134.0.0.0 Safari/537.36 Trailer/93.3.8652.5"
"2025-11-10 02:02:32",/membership-app-form/,https://form.jotform.com/EvergreenSafety/membership,104.196.163.46,https://www.esc.org,"WPMU DEV Broken Link Checker Local Engine"
"2025-11-10 02:08:37",/program/,https://www.esc.org/courses/,36.147.16.56,,"Mozilla/5.0 (Windows NT 10.0; Win64; x64) AppleWebKit/537.36 (KHTML, like Gecko) Chrome/139.0.0.0 Safari/537.36"
"2025-11-10 02:14:10",/program/defensive-driving/eversafe-driving-program-instructor-training/,https://www.esc.org/program/eversafe-25/eversafe-driving-program-instructor-training/,104.196.163.46,https://www.esc.org,"WPMU DEV Broken Link Checker Local Engine"
"2025-11-10 02:14:16",/contact-us,https://form.jotform.com/EvergreenSafety/contact-us,104.196.163.46,https://www.esc.org,"WPMU DEV Broken Link Checker Local Engine"
"2025-11-10 02:19:42",/program/defensive-driving/,https://www.esc.org/program/eversafe-25/,207.5.47.102,https://www.esc.org/defensive-driving/winter-driving/?utm_source=google&utm_campaign=21951985128&utm_content=&utm_term=&utm_medium=&gad_source=1&gad_campaignid=21962280232&gbraid=0AAAAAC3eE1DR8csG_ZSJyo9R36rbkjpVJ&gclid=CjwKCAiAt8bIBhBpEiwAzH1w6bcc4XIT-WB,"Mozilla/5.0 (Windows NT 10.0; Win64; x64) AppleWebKit/537.36 (KHTML, like Gecko) Chrome/142.0.0.0 Safari/537.36"
"2025-11-10 02:22:26",/faqs/what-documents-must-i-submit-for-my-washington-traffic-control-supervisor-tcs-certification/?_ga=2.181578087.1981788007.1748475388-1954250944.1733850666,https://www.esc.org/faqs/tcs-work-experience-requirements/?_ga=2.181578087.1981788007.1748475388-1954250944.1733850666,104.196.163.46,https://www.esc.org,"WPMU DEV Broken Link Checker Local Engine"
"2025-11-10 02:26:31",/program/defensive-driving/online-course/,https://www.esc.org/program/eversafe-25/eversafe-online-25/,41.114.19.158,https://ads.google.com/,"Mozilla/5.0 (Windows NT 10.0; Win64; x64) AppleWebKit/537.36 (KHTML, like Gecko) Chrome/142.0.0.0 Safari/537.36"
"2025-11-10 02:27:33",/program/pilot-car/colorado-online/,https://www.esc.org/colorado-pilot-car-certification-and-training/,104.196.163.46,https://stagingesc.wpengine.com,"WPMU DEV Broken Link Checker Local Engine"
"2025-11-10 02:28:16",/flaggereval,https://form.jotform.com/EvergreenSafety/flagger-course-evaluation---esc,69.7.60.202,,"Mozilla/5.0 (Linux; Android 10; K) AppleWebKit/537.36 (KHTML, like Gecko) Chrome/142.0.0.0 Mobile Safari/537.36"
"2025-11-10 02:33:05",/pilot-car/where-can-i-use-my-pilot-car-certification/,https://www.esc.org/pilot-car/pilot-car-reciprocity/,104.196.163.46,https://www.esc.org,"WPMU DEV Broken Link Checker Local Engine"
"2025-11-10 02:48:27",/program/,https://www.esc.org/courses/,104.196.163.46,,"WP Rocket/Preload"
"2025-11-10 02:48:27",/program/,https://www.esc.org/courses/,104.196.163.46,,"WP Rocket/Preload Mozilla/5.0 (iPhone; CPU iPhone OS 9_1 like Mac OS X) AppleWebKit/601.1.46 (KHTML, like Gecko) Version/9.0 Mobile/13B143 Safari/601.1"
"2025-11-10 02:48:28",/program/defensive-driving/eversafe-driving-program-on-site-training/,https://www.esc.org/program/eversafe-25/,104.196.163.46,,"WP Rocket/Preload"
"2025-11-10 02:48:29",/program/defensive-driving/eversafe-driving-program-on-site-training/,https://www.esc.org/program/eversafe-25/,104.196.163.46,,"WP Rocket/Preload Mozilla/5.0 (iPhone; CPU iPhone OS 9_1 like Mac OS X) AppleWebKit/601.1.46 (KHTML, like Gecko) Version/9.0 Mobile/13B143 Safari/601.1"
"2025-11-10 02:48:30",/faqs/for-authorized-training-providers-approved-to-teach-the-mutcd-in-person-course-which-states-is-it-valid-in/,/faqs/mutcd-in-person-states/,104.196.163.46,,"WP Rocket/Preload"
"2025-11-10 02:48:31",/faqs/for-authorized-training-providers-approved-to-teach-the-mutcd-in-person-course-which-states-is-it-valid-in/,/faqs/mutcd-in-person-states/,104.196.163.46,,"WP Rocket/Preload Mozilla/5.0 (iPhone; CPU iPhone OS 9_1 like Mac OS X) AppleWebKit/601.1.46 (KHTML, like Gecko) Version/9.0 Mobile/13B143 Safari/601.1"
"2025-11-10 02:48:32",/faqs/,/faq,104.196.163.46,,"WP Rocket/Preload"
"2025-11-10 02:48:33",/faqs/,/faq,104.196.163.46,,"WP Rocket/Preload Mozilla/5.0 (iPhone; CPU iPhone OS 9_1 like Mac OS X) AppleWebKit/601.1.46 (KHTML, like Gecko) Version/9.0 Mobile/13B143 Safari/601.1"
"2025-11-10 02:53:51",/about/related-article/pilot-car-reciprocity,https://www.esc.org/pilot-car/pilot-car-reciprocity/,104.196.163.46,https://www.esc.org,"WPMU DEV Broken Link Checker Local Engine"
"2025-11-10 02:56:07",/program/defensive-driving/cmv-driver-safety/,https://www.esc.org/program/eversafe-25/utility-vehicle/,23.21.227.240,,"Mozilla/5.0 AppleWebKit/537.36 (KHTML, like Gecko; compatible; Amazonbot/0.1; +https://developer.amazon.com/support/amazonbot) Chrome/119.0.6045.214 Safari/537.36"
"2025-11-10 03:13:07",/program/eversafe/,https://www.esc.org/program/defensive-driving,104.196.163.46,https://www.esc.org,"WPMU DEV Broken Link Checker Local Engine"
"2025-11-10 03:13:08",/program/defensive-driving/,https://www.esc.org/program/eversafe-25/,104.196.163.46,https://www.esc.org,"WPMU DEV Broken Link Checker Local Engine"
"2025-11-10 03:43:05",/program/defensive-driving/online-course/,https://www.esc.org/program/eversafe-25/eversafe-online-25/,104.196.163.46,https://www.esc.org,"WPMU DEV Broken Link Checker Local Engine"
"2025-11-10 03:58:49",/program/flagger/federal-2023-mutcd/,/program/flagger/online-mutcd-flagger/,146.75.158.140,https://www.esc.org/,"Mozilla/5.0 (iPhone; CPU iPhone OS 18_7_1 like Mac OS X) AppleWebKit/605.1.15 (KHTML, like Gecko) Version/18.7 Mobile/15E148 Safari/604.1"
"2025-11-10 04:02:54",/program/defensive-driving/eversafe-driving-program-on-site-training/,https://www.esc.org/program/eversafe-25/,119.8.186.51,https://www.esc.org/program/defensive-driving/eversafe-driving-program-on-site-training/,"Mozilla/5.0 (Windows NT 10.0; Win64; x64) AppleWebKit/537.36 (KHTML, like Gecko) Chrome/116.0.0.0 Safari/537.36"
"2025-11-10 04:23:41",/faqs,/faq,47.25.144.52,https://www.esc.org/program/traffic-control-supervisor/oregon/,"Mozilla/5.0 (iPhone; CPU iPhone OS 18_7 like Mac OS X) AppleWebKit/605.1.15 (KHTML, like Gecko) Version/26.0.1 Mobile/15E148 Safari/604.1"
"2025-11-10 05:01:51",/program/on-site-training/,/program/private-training/,104.196.163.46,https://www.esc.org,"WPMU DEV Broken Link Checker Local Engine"
"2025-11-10 05:14:23",/about/related-article/winter-driving/?gad_source=1&gad_campaignid=6452119115,https://www.esc.org/defensive-driving/winter-driving?gad_source=1&gad_campaignid=6452119115,107.77.198.208,https://www.google.com/,"Mozilla/5.0 (Linux; Android 10; K) AppleWebKit/537.36 (KHTML, like Gecko) SamsungBrowser/28.0 Chrome/130.0.0.0 Mobile Safari/537.36"
"2025-11-10 05:32:24",/program/defensive-driving/,https://www.esc.org/program/eversafe-25/,104.196.163.46,https://www.esc.org,"WPMU DEV Broken Link Checker Local Engine"
"2025-11-10 05:33:01",/program/defensive-driving/commercial-vehicle-driver-safety-evergreen-safety-council/,/program/defensive-driving/cmv-driver-safety/,104.196.163.46,https://www.esc.org,"WPMU DEV Broken Link Checker Local Engine"
"2025-11-10 05:33:01",/program/defensive-driving/cmv-driver-safety/,https://www.esc.org/program/eversafe-25/utility-vehicle/,104.196.163.46,https://www.esc.org,"WPMU DEV Broken Link Checker Local Engine"
"2025-11-10 05:40:55",/forklift/osha-regulations-for-forklifts-powered-industrial-trucks/,/forklift/osha-regulations-for-forklifts/,3.215.59.93,,"Mozilla/5.0 AppleWebKit/537.36 (KHTML, like Gecko; compatible; Amazonbot/0.1; +https://developer.amazon.com/support/amazonbot) Chrome/119.0.6045.214 Safari/537.36"
"2025-11-10 05:41:06",/about/related-article/pilot-car-high-pole/,https://www.esc.org/pilot-car/high-pole-basics/,3.232.82.72,,"Mozilla/5.0 AppleWebKit/537.36 (KHTML, like Gecko; compatible; Amazonbot/0.1; +https://developer.amazon.com/support/amazonbot) Chrome/119.0.6045.214 Safari/537.36"
"2025-11-10 05:41:15",/florida-pilot-car-certification-and-training/,/idaho-flagger-classes/,3.210.114.189,,"Mozilla/5.0 AppleWebKit/537.36 (KHTML, like Gecko; compatible; Amazonbot/0.1; +https://developer.amazon.com/support/amazonbot) Chrome/119.0.6045.214 Safari/537.36"
"2025-11-10 05:41:43",/about/related-article/glow-on/,https://www.esc.org/tc/glow-on,3.235.215.92,,"Mozilla/5.0 AppleWebKit/537.36 (KHTML, like Gecko; compatible; Amazonbot/0.1; +https://developer.amazon.com/support/amazonbot) Chrome/119.0.6045.214 Safari/537.36"
"2025-11-10 05:53:56",/about/related-article/pilot-car-reciprocity?_ga=2.205652819.1141122787.1762781890-2035867277.1762781890,https://www.esc.org/pilot-car/pilot-car-reciprocity/?_ga=2.205652819.1141122787.1762781890-2035867277.1762781890,150.195.64.98,https://esc.arlo.co/,"Mozilla/5.0 (Linux; Android 10; K) AppleWebKit/537.36 (KHTML, like Gecko) SamsungBrowser/29.0 Chrome/136.0.0.0 Mobile Safari/537.36"
"2025-11-10 05:57:29",/tcs,https://www.esc.org/program/traffic-control-supervisor/,66.249.68.32,,"Mozilla/5.0 (Linux; Android 6.0.1; Nexus 5X Build/MMB29P) AppleWebKit/537.36 (KHTML, like Gecko) Chrome/141.0.7390.122 Mobile Safari/537.36 (compatible; Googlebot/2.1; +http://www.google.com/bot.html)"
"2025-11-10 06:02:13",/program/forklift/pdf-instructor-kit,/program/forklift/instructor-training/,104.196.163.46,https://www.esc.org,"WPMU DEV Broken Link Checker Local Engine"
"2025-11-10 06:23:06",/program/pilot-car/texas/,https://www.esc.org/texas-pilot-car-certification-and-training/,104.190.25.61,https://workzonesafety.org/,"Mozilla/5.0 (Linux; Android 10; K) AppleWebKit/537.36 (KHTML, like Gecko) Chrome/142.0.0.0 Mobile Safari/537.36"
"2025-11-10 06:40:45",/program/flagger/federal-2023-mutcd/,/program/flagger/online-mutcd-flagger/,199.171.39.194,https://www.esc.org/?utm_source=google&utm_campaign=18494062527&utm_content=143133052218&utm_term=nscsafetycouncil&utm_medium=625762008903&gad_source=1&gad_campaignid=18494062527&gbraid=0AAAAAC3eE1AKQHSTBqNmxGaVrudBvmb8a&gclid=CjwKCAiAt8bIBhBpEiwAzH1w6XxD,"Mozilla/5.0 (Windows NT 10.0; Win64; x64) AppleWebKit/537.36 (KHTML, like Gecko) Chrome/141.0.0.0 Safari/537.36"
"2025-11-10 07:01:17",/faqs,/faq,18.217.9.96,,"Mozilla/5.0 (Windows NT 10.0; Win64; x64) AppleWebKit/537.36 (KHTML, like Gecko) Chrome/139.0.0.0 Safari/537.36"
"2025-11-10 07:01:21",/program/flagger/federal-2023-mutcd/,/program/flagger/online-mutcd-flagger/,18.188.13.140,,"Mozilla/5.0 (Windows NT 10.0; Win64; x64) AppleWebKit/537.36 (KHTML, like Gecko) Chrome/139.0.0.0 Safari/537.36"
"2025-11-10 07:09:50",/program/flagger/federal-2023-mutcd/,/program/flagger/online-mutcd-flagger/,72.14.199.97,,"Mozilla/5.0 (Linux; Android 6.0.1; Nexus 5X Build/MMB29P) AppleWebKit/537.36 (KHTML, like Gecko) Chrome/141.0.7390.122 Mobile Safari/537.36 (compatible; AdsBot-Google-Mobile; +http://www.google.com/mobile/adsbot.html)"
"2025-11-10 07:12:45",/about/related-article/pilot-car-reciprocity,https://www.esc.org/pilot-car/pilot-car-reciprocity/,104.196.163.46,https://www.esc.org,"WPMU DEV Broken Link Checker Local Engine"
"2025-11-10 07:22:05",/fl-inst-materials/,/mutcd/,104.196.163.46,https://www.esc.org,"WPMU DEV Broken Link Checker Local Engine"
"2025-11-10 07:27:53",/program/eversafe/,https://www.esc.org/program/defensive-driving,51.68.111.244,,"Mozilla/5.0 (compatible; MJ12bot/v2.0.4; http://mj12bot.com/)"
"2025-11-10 07:27:53",/program/defensive-driving/,https://www.esc.org/program/eversafe-25/,51.68.111.244,,"Mozilla/5.0 (compatible; MJ12bot/v2.0.4; http://mj12bot.com/)"
"2025-11-10 07:27:58",/program/forklift/,/program/forklift-training/,51.68.111.244,,"Mozilla/5.0 (compatible; MJ12bot/v2.0.4; http://mj12bot.com/)"
"2025-11-10 07:34:48",/how-to-access-your-online-witpac-course-esc-use/,/how-to-access-your-online-course/,47.128.111.141,,"Mozilla/5.0 (Linux; Android 5.0) AppleWebKit/537.36 (KHTML, like Gecko) Mobile Safari/537.36 (compatible; TikTokSpider; ttspider-feedback@tiktok.com)"
"2025-11-10 07:48:11",/program/defensive-driving/eversafe-driving-program-on-site-training/,https://www.esc.org/program/eversafe-25/,184.73.68.20,,"Mozilla/5.0 AppleWebKit/537.36 (KHTML, like Gecko; compatible; Amazonbot/0.1; +https://developer.amazon.com/support/amazonbot) Chrome/119.0.6045.214 Safari/537.36"
"2025-11-10 08:01:37",/program/pilot-car/colorado-online/,https://www.esc.org/colorado-pilot-car-certification-and-training/,104.196.163.46,https://www.esc.org,"WPMU DEV Broken Link Checker Local Engine"
"2025-11-10 08:01:56",/members/awards/,https://www.esc.org/awards/,104.196.163.46,https://www.esc.org,"WPMU DEV Broken Link Checker Local Engine"
"2025-11-10 08:06:40",/program/defensive-driving/online-course/?gad_source=1&gad_campaignid=6452119115,https://www.esc.org/program/eversafe-25/eversafe-online-25/?gad_source=1&gad_campaignid=6452119115,76.38.137.143,https://www.google.com/,"Mozilla/5.0 (Linux; NetCast; U) AppleWebKit/537.36 (KHTML, like Gecko) Chrome/87.0.3945.79 Safari/537.36 SmartTV/10.0 Colt/2.0"
"2025-11-10 08:27:18",/program/forklift/,/program/forklift-training/,72.14.199.96,,"AdsBot-Google (+http://www.google.com/adsbot.html)"
"2025-11-10 08:27:51",/about/related-article/pilot-car-reciprocity,https://www.esc.org/pilot-car/pilot-car-reciprocity/,172.59.200.60,,"Mozilla/5.0 (Macintosh; Intel Mac OS X 10_15_7) AppleWebKit/605.1.15 (KHTML, like Gecko) Version/18.3 Safari/605.1.15 Ddg/18.6"
"2025-11-10 08:30:05",/about/related-article/what-is-the-3-4-second-rule/,https://www.esc.org/defensive-driving/what-is-the-3-4-second-rule/,72.14.199.96,,"Mozilla/5.0 (Linux; Android 6.0.1; Nexus 5X Build/MMB29P) AppleWebKit/537.36 (KHTML, like Gecko) Chrome/141.0.7390.122 Mobile Safari/537.36 (compatible; AdsBot-Google-Mobile; +http://www.google.com/mobile/adsbot.html)"
"2025-11-10 08:31:05",/about/related-article/oversize/,https://www.esc.org/pilot-car/oversize-load-bridge-hits-a-growing-problem-with-one-simple-solution/,72.14.199.98,,"AdsBot-Google (+http://www.google.com/adsbot.html)"
"2025-11-10 08:38:23",/program/eversafe/,https://www.esc.org/program/defensive-driving,98.82.59.253,,"Mozilla/5.0 AppleWebKit/537.36 (KHTML, like Gecko; compatible; Amazonbot/0.1; +https://developer.amazon.com/support/amazonbot) Chrome/119.0.6045.214 Safari/537.36"
"2025-11-10 08:38:24",/program/defensive-driving/,https://www.esc.org/program/eversafe-25/,34.225.87.80,,"Mozilla/5.0 AppleWebKit/537.36 (KHTML, like Gecko; compatible; Amazonbot/0.1; +https://developer.amazon.com/support/amazonbot) Chrome/119.0.6045.214 Safari/537.36"
"2025-11-10 08:47:53",/program/defensive-driving/cmv-driver-safety/,https://www.esc.org/program/eversafe-25/utility-vehicle/,72.14.199.96,,"Mozilla/5.0 AppleWebKit/537.36 Chrome/141.0.7390.122 Safari/537.36 Google-Ads-Conversions"
"2025-11-10 08:49:02",/program/defensive-driving/eversafe-driving-program-on-site-training/,https://www.esc.org/program/eversafe-25/,24.16.87.113,https://www.esc.org/program/private-training/,"Mozilla/5.0 (Windows NT 10.0; Win64; x64) AppleWebKit/537.36 (KHTML, like Gecko) Chrome/142.0.0.0 Safari/537.36"
"2025-11-10 08:58:15",/program/pilot-car/colorado-online/,https://www.esc.org/colorado-pilot-car-certification-and-training/,174.218.222.57,https://www.esc.org/courses/,"Mozilla/5.0 (Windows NT 10.0; Win64; x64) AppleWebKit/537.36 (KHTML, like Gecko) Chrome/142.0.0.0 Safari/537.36 Edg/142.0.0.0"
"2025-11-10 08:58:15",/program/flagger/federal-2023-mutcd/,/program/flagger/online-mutcd-flagger/,174.218.222.57,https://www.esc.org/courses/,"Mozilla/5.0 (Windows NT 10.0; Win64; x64) AppleWebKit/537.36 (KHTML, like Gecko) Chrome/142.0.0.0 Safari/537.36 Edg/142.0.0.0"
"2025-11-10 09:06:39",/about/related-article/pilot-car-reciprocity,https://www.esc.org/pilot-car/pilot-car-reciprocity/,174.202.225.236,,"Mozilla/5.0 (iPhone; CPU iPhone OS 18_5_0 like Mac OS X) AppleWebKit/605.1.15 (KHTML, like Gecko) GSA/371.0.763199552 Mobile/15E148 Safari/604.1"
"2025-11-10 09:09:59",/program/flagger/federal-2023-mutcd/,/program/flagger/online-mutcd-flagger/,47.215.33.72,https://www.esc.org/courses/,"Mozilla/5.0 (Windows NT 10.0; Win64; x64) AppleWebKit/537.36 (KHTML, like Gecko) Chrome/142.0.0.0 Safari/537.36"
"2025-11-10 09:13:12",/program/defensive-driving/eversafe-driving-program-on-site-training/,https://www.esc.org/program/eversafe-25/,51.68.107.141,,"Mozilla/5.0 (compatible; MJ12bot/v2.0.4; http://mj12bot.com/)"
"2025-11-10 09:13:24",/wa-tcs-student-information,https://form.jotform.com/EvergreenSafety/wa-tcs-student-information,51.68.107.141,,"Mozilla/5.0 (compatible; MJ12bot/v2.0.4; http://mj12bot.com/)"
"2025-11-10 09:15:33",/pevo-pre-trip,https://www.esc.org/wp-content/uploads/2025/04/ESC-PEVO-Pre-trip-meeting-sheet-fillable.pdf,174.226.12.176,,"Mozilla/5.0 (iPhone; CPU iPhone OS 26_1_0 like Mac OS X) AppleWebKit/605.1.15 (KHTML, like Gecko) CriOS/142.0.7444.128 Mobile/15E148 Safari/604.1"
"2025-11-10 09:16:14",/pilot-car/p-evo-supplies/,/pilot-car/pevo-supplies/,24.140.185.185,,"Mozilla/5.0 (Windows NT 10.0; Win64; x64) AppleWebKit/537.36 (KHTML, like Gecko) Chrome/142.0.0.0 Safari/537.36 Edg/142.0.0.0"
"2025-11-10 09:16:53",/pilot-car/witpac/every-move-begins-with-a-pre-trip-meeting/,/pilot-car/every-move-begins-with-a-pre-trip-meeting/,24.140.185.185,,"Mozilla/5.0 (Windows NT 10.0; Win64; x64) AppleWebKit/537.36 (KHTML, like Gecko) Chrome/142.0.0.0 Safari/537.36 Edg/142.0.0.0"
"2025-11-10 09:18:37",/pevo-inspection-list,https://www.esc.org/wp-content/uploads/2024/11/PEVO-inspection-list.pdf,146.75.164.249,,"Mozilla/5.0 (iPhone; CPU iPhone OS 26_1_0 like Mac OS X) AppleWebKit/605.1.15 (KHTML, like Gecko) CriOS/142.0.7444.128 Mobile/15E148 Safari/604.1"
"2025-11-10 09:23:27",/program/defensive-driving/eversafe-driving-program-on-site-training/?nocache=1713345619,https://www.esc.org/program/eversafe-25/?nocache=1713345619,52.167.144.235,,"Mozilla/5.0 AppleWebKit/537.36 (KHTML, like Gecko; compatible; bingbot/2.0; +http://www.bing.com/bingbot.htm) Chrome/116.0.1938.76 Safari/537.36"
"2025-11-10 09:30:01",/about/related-article/pilot-car-reciprocity?_ga=2.103256707.2036545836.1762794628-455394035.1760532870,https://www.esc.org/pilot-car/pilot-car-reciprocity/?_ga=2.103256707.2036545836.1762794628-455394035.1760532870,172.59.99.136,https://esc.arlo.co/,"Mozilla/5.0 (Windows NT 10.0; Win64; x64) AppleWebKit/537.36 (KHTML, like Gecko) Chrome/142.0.0.0 Safari/537.36"
"2025-11-10 09:30:28",/wa-tcs-student-information,https://form.jotform.com/EvergreenSafety/wa-tcs-student-information,24.16.222.192,https://www.esc.org/program/traffic-control-supervisor/washington/,"Mozilla/5.0 (Windows NT 10.0; Win64; x64) AppleWebKit/537.36 (KHTML, like Gecko) Chrome/142.0.0.0 Safari/537.36 Edg/142.0.0.0"
"2025-11-10 09:31:04",/program/entrenamiento-en-forklift/,/program/entrenamiento-de-forklift/,172.59.99.136,https://www.esc.org/pilot-car/pilot-car-reciprocity/?_ga=2.103256707.2036545836.1762794628-455394035.1760532870,"Mozilla/5.0 (Windows NT 10.0; Win64; x64) AppleWebKit/537.36 (KHTML, like Gecko) Chrome/142.0.0.0 Safari/537.36"
"2025-11-10 09:41:11",/about/related-article/what-is-the-3-4-second-rule/,https://www.esc.org/defensive-driving/what-is-the-3-4-second-rule/,72.14.199.96,,"AdsBot-Google (+http://www.google.com/adsbot.html)"
"2025-11-10 09:46:12",/program/pilot-car/colorado-online/,https://www.esc.org/colorado-pilot-car-certification-and-training/,172.59.99.136,https://www.esc.org/courses/,"Mozilla/5.0 (Windows NT 10.0; Win64; x64) AppleWebKit/537.36 (KHTML, like Gecko) Chrome/142.0.0.0 Safari/537.36"
"2025-11-10 09:47:42",/program,/courses,104.198.36.41,,"Mozilla/5.0 AppleWebKit/537.36 (KHTML, like Gecko); compatible; ShapBot/0.1.0"
"2025-11-10 09:49:41",/program/entrenamiento-en-forklift/,/program/entrenamiento-de-forklift/,38.62.179.166,https://www.esc.org/program-pilot-car-florida/,"Mozilla/5.0 (Windows NT 10.0; Win64; x64) AppleWebKit/537.36 (KHTML, like Gecko) Chrome/142.0.0.0 Safari/537.36 Edg/142.0.0.0"
"2025-11-10 09:51:23",/witpac,http://www.esc.org/program/pilot-car/witpac,98.196.174.153,https://chatgpt.com/,"Mozilla/5.0 (Windows NT 10.0; Win64; x64) AppleWebKit/537.36 (KHTML, like Gecko) Chrome/138.0.0.0 Safari/537.36 OPR/122.0.0.0"
"2025-11-10 09:54:02",/about/related-article/pilot-car-reciprocity?_ga=2.250385285.2036545836.1762794628-455394035.1760532870,https://www.esc.org/pilot-car/pilot-car-reciprocity/?_ga=2.250385285.2036545836.1762794628-455394035.1760532870,172.59.99.136,https://esc.arlo.co/,"Mozilla/5.0 (Windows NT 10.0; Win64; x64) AppleWebKit/537.36 (KHTML, like Gecko) Chrome/142.0.0.0 Safari/537.36"
"2025-11-10 09:55:19",/program/eversafe/,https://www.esc.org/program/defensive-driving,54.91.122.193,,"Mozilla/5.0 AppleWebKit/537.36 (KHTML, like Gecko; compatible; Amazonbot/0.1; +https://developer.amazon.com/support/amazonbot) Chrome/119.0.6045.214 Safari/537.36"
"2025-11-10 09:55:20",/program/defensive-driving/,https://www.esc.org/program/eversafe-25/,54.91.122.193,,"Mozilla/5.0 AppleWebKit/537.36 (KHTML, like Gecko; compatible; Amazonbot/0.1; +https://developer.amazon.com/support/amazonbot) Chrome/119.0.6045.214 Safari/537.36"
"2025-11-10 09:56:53",/program/,https://www.esc.org/courses/,104.196.163.46,,"WP Rocket/Preload"
"2025-11-10 09:56:54",/program/,https://www.esc.org/courses/,104.196.163.46,,"WP Rocket/Preload Mozilla/5.0 (iPhone; CPU iPhone OS 9_1 like Mac OS X) AppleWebKit/601.1.46 (KHTML, like Gecko) Version/9.0 Mobile/13B143 Safari/601.1"
"2025-11-10 09:56:56",/program/defensive-driving/eversafe-driving-program-on-site-training/,https://www.esc.org/program/eversafe-25/,104.196.163.46,,"WP Rocket/Preload"
"2025-11-10 09:56:57",/program/defensive-driving/eversafe-driving-program-on-site-training/,https://www.esc.org/program/eversafe-25/,104.196.163.46,,"WP Rocket/Preload Mozilla/5.0 (iPhone; CPU iPhone OS 9_1 like Mac OS X) AppleWebKit/601.1.46 (KHTML, like Gecko) Version/9.0 Mobile/13B143 Safari/601.1"
"2025-11-10 09:56:57",/faqs/for-authorized-training-providers-approved-to-teach-the-mutcd-in-person-course-which-states-is-it-valid-in/,/faqs/mutcd-in-person-states/,104.196.163.46,,"WP Rocket/Preload"
"2025-11-10 09:56:59",/faqs/for-authorized-training-providers-approved-to-teach-the-mutcd-in-person-course-which-states-is-it-valid-in/,/faqs/mutcd-in-person-states/,104.196.163.46,,"WP Rocket/Preload Mozilla/5.0 (iPhone; CPU iPhone OS 9_1 like Mac OS X) AppleWebKit/601.1.46 (KHTML, like Gecko) Version/9.0 Mobile/13B143 Safari/601.1"
"2025-11-10 09:57:00",/faqs/,/faq,104.196.163.46,,"WP Rocket/Preload"
"2025-11-10 09:57:01",/faqs/,/faq,104.196.163.46,,"WP Rocket/Preload Mozilla/5.0 (iPhone; CPU iPhone OS 9_1 like Mac OS X) AppleWebKit/601.1.46 (KHTML, like Gecko) Version/9.0 Mobile/13B143 Safari/601.1"
"2025-11-10 09:57:30",/about/related-article/circular-logic/,https://www.esc.org/defensive-driving/circular-logic,66.249.79.3,,"Mozilla/5.0 (Linux; Android 6.0.1; Nexus 5X Build/MMB29P) AppleWebKit/537.36 (KHTML, like Gecko) Chrome/141.0.7390.122 Mobile Safari/537.36 (compatible; Googlebot/2.1; +http://www.google.com/bot.html)"
"2025-11-10 09:59:15",/program/pilot-car/colorado-online/,https://www.esc.org/colorado-pilot-car-certification-and-training/,76.28.215.48,https://www.esc.org/,"Mozilla/5.0 (Windows NT 10.0; Win64; x64) AppleWebKit/537.36 (KHTML, like Gecko) Chrome/142.0.0.0 Safari/537.36"
"2025-11-10 10:05:08",/replacement-cards/,https://forms.zohopublic.com/evergreensafetycouncil1/form/Replacementcardrequestform/formperma/lbT9UBJY-nL3mPiOsgLuKoLKfQdUFQblsxk_dhp1tPQ,54.80.185.200,,"Mozilla/5.0 AppleWebKit/537.36 (KHTML, like Gecko; compatible; Amazonbot/0.1; +https://developer.amazon.com/support/amazonbot) Chrome/119.0.6045.214 Safari/537.36"
"2025-11-10 10:12:58",/program/flagger/federal-2023-mutcd/,/program/flagger/online-mutcd-flagger/,69.7.37.35,https://www.esc.org/courses/,"Mozilla/5.0 (Windows NT 10.0; Win64; x64) AppleWebKit/537.36 (KHTML, like Gecko) Chrome/142.0.0.0 Safari/537.36"
"2025-11-10 10:24:28",/program/flagger/federal-2023-mutcd/,/program/flagger/online-mutcd-flagger/,136.226.54.200,https://www.esc.org/,"Mozilla/5.0 (Windows NT 10.0; Win64; x64) AppleWebKit/537.36 (KHTML, like Gecko) Chrome/142.0.0.0 Safari/537.36 Edg/142.0.0.0"
"2025-11-10 10:24:39",/program/pilot-car/colorado-online/,https://www.esc.org/colorado-pilot-car-certification-and-training/,136.226.54.200,https://www.esc.org/,"Mozilla/5.0 (Windows NT 10.0; Win64; x64) AppleWebKit/537.36 (KHTML, like Gecko) Chrome/142.0.0.0 Safari/537.36 Edg/142.0.0.0"
"2025-11-10 10:25:55",/pevo-pre-trip,https://www.esc.org/wp-content/uploads/2025/04/ESC-PEVO-Pre-trip-meeting-sheet-fillable.pdf,104.28.49.8,,"Mozilla/5.0 (iPhone; CPU iPhone OS 18_6_2 like Mac OS X) AppleWebKit/605.1.15 (KHTML, like Gecko) Version/18.6 Mobile/15E148 Safari/604.1"
"2025-11-10 10:35:32",/program/forklift/,/program/forklift-training/,72.14.199.97,,"AdsBot-Google (+http://www.google.com/adsbot.html)"
"2025-11-10 10:35:57",/program/pilot-car/north-carolina/,https://www.esc.org/north-carolina-pilot-car-certification-and-training/,74.7.227.76,,"Mozilla/5.0 AppleWebKit/537.36 (KHTML, like Gecko; compatible; GPTBot/1.2; +https://openai.com/gptbot)"
"2025-11-10 10:54:09",/program/forklift/,/program/forklift-training/,204.10.213.10,https://www.esc.org/program/forklift-2020/online-2020/?utm_source=google&utm_campaign=21951985128&utm_content=&utm_term=&utm_medium=&gad_source=1&gad_campaignid=21962280232&gclid=EAIaIQobChMIi-StyqDokAMVNEd_AB3RxxeyEAAYAiADEgLNcfD_BwE,"Mozilla/5.0 (Windows NT 10.0; Win64; x64) AppleWebKit/537.36 (KHTML, like Gecko) Chrome/142.0.0.0 Safari/537.36 Edg/142.0.0.0"
"2025-11-10 11:03:52",/program/flagger/federal-2023-mutcd/,/program/flagger/online-mutcd-flagger/,98.183.4.71,https://www.esc.org/,"Mozilla/5.0 (Linux; Android 10; K) AppleWebKit/537.36 (KHTML, like Gecko) Chrome/142.0.0.0 Mobile Safari/537.36"
"2025-11-10 11:37:20",/program/defensive-driving/cmv-driver-safety/,https://www.esc.org/program/eversafe-25/utility-vehicle/,45.78.196.98,,"Mozilla/5.0 (iPhone; CPU iPhone OS 26_0 like Mac OS X) AppleWebKit/605.1.15 (KHTML, like Gecko) Version/26.0 Mobile/15E148 Safari/604.1"
"2025-11-10 11:38:30",/program/forklift/,/program/forklift-training/,52.255.111.49,,"Mozilla/5.0 AppleWebKit/537.36 (KHTML, like Gecko); compatible; ChatGPT-User/1.0; +https://openai.com/bot"
"2025-11-10 11:44:31",/pevo,https://evergreensafe.wpengine.com/program/pilot-car,166.196.79.22,https://www.youtube.com/,"Mozilla/5.0 (iPhone; CPU iPhone OS 18_6_2 like Mac OS X) AppleWebKit/605.1.15 (KHTML, like Gecko) CriOS/140.0.7339.122 Mobile/15E148 Safari/604.1"
"2025-11-10 11:46:37",/program/pilot-car/colorado-online/,https://www.esc.org/colorado-pilot-car-certification-and-training/,147.253.236.241,https://www.esc.org/courses/,"Mozilla/5.0 (Windows NT 10.0; Win64; x64) AppleWebKit/537.36 (KHTML, like Gecko) Chrome/142.0.0.0 Safari/537.36"
"2025-11-10 11:48:52",/about/related-article/5-steps-to-preventing-bridge-hits/,https://www.esc.org/pilot-car/5-steps-to-preventing-bridge-hits/,23.21.148.226,,"Mozilla/5.0 AppleWebKit/537.36 (KHTML, like Gecko; compatible; Amazonbot/0.1; +https://developer.amazon.com/support/amazonbot) Chrome/119.0.6045.214 Safari/537.36"
"2025-11-10 11:49:12",/witpac-student-resources-2024-version/,/witpac-student-resources/,52.203.152.231,,"Mozilla/5.0 AppleWebKit/537.36 (KHTML, like Gecko; compatible; Amazonbot/0.1; +https://developer.amazon.com/support/amazonbot) Chrome/119.0.6045.214 Safari/537.36"
"2025-11-10 11:49:20",/about/related-article/the-truth-about-forklift-certification/,https://www.esc.org/forklift/the-truth-about-forklift-certification/,18.233.24.238,,"Mozilla/5.0 AppleWebKit/537.36 (KHTML, like Gecko; compatible; Amazonbot/0.1; +https://developer.amazon.com/support/amazonbot) Chrome/119.0.6045.214 Safari/537.36"
"2025-11-10 11:55:24",/about/related-article/pilot-car-glossary/,https://www.esc.org/pilot-car/pilot-car-p-evo-glossary/,18.232.12.157,,"Mozilla/5.0 AppleWebKit/537.36 (KHTML, like Gecko; compatible; Amazonbot/0.1; +https://developer.amazon.com/support/amazonbot) Chrome/119.0.6045.214 Safari/537.36"
"2025-11-10 11:56:33",/forklift-form/,https://form.jotform.com/EvergreenSafety/forklift-instructor-inquiry-form,52.205.113.104,,"Mozilla/5.0 AppleWebKit/537.36 (KHTML, like Gecko; compatible; Amazonbot/0.1; +https://developer.amazon.com/support/amazonbot) Chrome/119.0.6045.214 Safari/537.36"
"2025-11-10 12:01:11",/about/related-article/pilot-car-reciprocity?_ga=2.100628251.445081991.1762804429-674739613.1762804429,https://www.esc.org/pilot-car/pilot-car-reciprocity/?_ga=2.100628251.445081991.1762804429-674739613.1762804429,166.196.79.22,https://esc.arlo.co/,"Mozilla/5.0 (iPhone; CPU iPhone OS 18_6_2 like Mac OS X) AppleWebKit/605.1.15 (KHTML, like Gecko) CriOS/140.0.7339.122 Mobile/15E148 Safari/604.1"
"2025-11-10 12:16:32",/program/on-site-training/,/program/private-training/,174.238.48.228,https://www.esc.org/pilot-car/high-pole-basics/,"Mozilla/5.0 (Linux; Android 10; K) AppleWebKit/537.36 (KHTML, like Gecko) Chrome/141.0.0.0 Mobile Safari/537.36"
"2025-11-10 12:16:45",/about/related-article/certification/,https://www.esc.org/pilot-car/pilot-escort-vehicle-operator-certification/,172.117.206.235,,"Mozilla/5.0 (Macintosh; Intel Mac OS X 10_15_7) AppleWebKit/537.36 (KHTML, like Gecko) Chrome/141.0.0.0 Safari/537.36"
"2025-11-10 12:17:52",/program/flagger/federal-2023-mutcd/,/program/flagger/online-mutcd-flagger/,65.21.113.242,,"Mozilla/5.0 (compatible; AwarioBot/1.0; +https://awario.com/bots.html)"
"2025-11-10 12:29:13",/program/forklift/,/program/forklift-training/,41.114.19.158,https://www.esc.org/program/eversafe-25/eversafe-online-25/,"Mozilla/5.0 (Windows NT 10.0; Win64; x64) AppleWebKit/537.36 (KHTML, like Gecko) Chrome/142.0.0.0 Safari/537.36"
"2025-11-10 12:31:24",/program/flagger/federal-2023-mutcd/,/program/flagger/online-mutcd-flagger/,174.85.8.69,https://www.esc.org/courses/,"Mozilla/5.0 (Windows NT 10.0; Win64; x64; rv:144.0) Gecko/20100101 Firefox/144.0"
"2025-11-10 12:31:27",/program/pilot-car/colorado-online/,https://www.esc.org/colorado-pilot-car-certification-and-training/,174.85.8.69,https://www.esc.org/courses/,"Mozilla/5.0 (Windows NT 10.0; Win64; x64; rv:144.0) Gecko/20100101 Firefox/144.0"
"2025-11-10 12:32:21",/about/related-article/witpac-online/,https://www.esc.org/witpac-online/,172.117.206.235,,"Mozilla/5.0 (Macintosh; Intel Mac OS X 10_15_7) AppleWebKit/537.36 (KHTML, like Gecko) Chrome/141.0.0.0 Safari/537.36"
"2025-11-10 12:38:03",/program/entrenamiento-en-forklift/,/program/entrenamiento-de-forklift/,41.114.19.158,https://www.esc.org/program/forklift-training/,"Mozilla/5.0 (Windows NT 10.0; Win64; x64) AppleWebKit/537.36 (KHTML, like Gecko) Chrome/142.0.0.0 Safari/537.36"
